Sr.,Stock Name,Symbol,close,%_change,volume,Add Column
"1","Cemindia Projects Ltd","CEMPRO","815.25","20%","1,97,66,290",""
"2","MTAR Technologies Ltd","MTARTECH","6,457.1","14.15%","35,12,651",""
"3","Rpg Life Sciences Limited","RPGLIFE","2,295","13.03%","16,83,294",""
"4","Meesho Ltd","MEESHO","193.13","11.84%","15,01,63,771",""
"5","Gujarat Alkalies And Chemicals Limited","GUJALKALI","800.95","8.86%","15,85,922",""
"6","Mawana Sugars Limited","MAWANASUG","113.03","8.84%","17,16,386",""
"7","HFCL Ltd","HFCL","116.03","8.34%","23,47,23,195",""
"8","Syngene International Limited","SYNGENE","467.65","8.21%","5,92,74,654",""
"9","Dhampur Sugar Mills Limited","DHAMPURSUG","155.35","7.82%","73,89,268",""
"10","BLS E-Services Ltd","BLSE","197.57","7.25%","10,92,269",""
"11","Gujarat Fluorochemicals Ltd","FLUOROCHEM","3,602","7.16%","5,07,417",""
"12","Inventurus Knowledge Solutions Ltd","IKS","1,654.7","6.22%","13,29,919",""
"13","Balu Forge Industries Ltd","BALUFORGE","541.4","5.45%","19,47,780",""
"14","Newgen Software Technologies Ltd","NEWGEN","505.75","5.33%","1,26,85,665",""
"15","Gujarat Kidney & Super Speciality Ltd","GKSL","125.22","5.33%","14,43,410",""
"16","Dalmia Bharat Sugar And Industries Limited","DALMIASUG","397.5","5.19%","9,70,834",""
"17","Sigma Advanced System Ltd","SIGMAADV","287.64","5%","15,73,591",""
"18","Time Technoplast Limited","TIMETECHNO","193.01","4.79%","91,09,682",""
"19","Bajaj Auto Limited","BAJAJ-AUTO","9,994","4.72%","12,09,264",""
"20","Pondy Oxides & Chemicals Ltd","POCL","1,377.8","4.54%","7,57,742",""
"21","Tenneco Clean Air India Ltd","TENNIND","621.75","4.47%","24,80,278",""
"22","Aarti Pharmalabs Ltd","AARTIPHARM","740.25","4.39%","5,30,126",""
"23","MAS Financial Services Ltd","MASFIN","339.9","4.3%","15,31,804",""
"24","Afcons Infrastructure Ltd","AFCONS","339.7","4.06%","12,74,611",""
"25","Anupam Rasayan India Ltd","ANURAS","1,343.8","3.79%","5,37,387",""
"26","Elecon Engineering Company Limited","ELECON","506.65","3.77%","7,83,278",""
"27","Rategain Travel Technologies Ltd","RATEGAIN","602.6","3.71%","10,28,705",""
"28","Talbros Automotive Components Limited","TALBROAUTO","332.65","3.67%","5,95,846",""
"29","Acutaas Chemicals Ltd","ACUTAAS","2,594.1","3.66%","26,68,458",""
"30","Thirumalai Chemicals Limited","TIRUMALCHM","204.13","3.57%","6,12,660",""
"31","Surya Roshni Limited","SURYAROSNI","250.12","3.54%","29,04,927",""
"32","Bliss Gvs Pharma Limited","BLISSGVS","276.76","3.52%","18,00,820",""
"33","Black Box Ltd","BBOX","639.6","3.45%","13,93,977",""
"34","Nuvoco Vistas Corporation Ltd","NUVOCO","296.7","3.45%","9,43,059",""
"35","Cohance Lifesciences Ltd","COHANCE","483.25","3.36%","1,24,87,304",""
"36","Camlin Fine Sciences Limited","CAMLINFINE","126.94","3.32%","22,93,815",""
"37","Transformers & Rectifiers India Ltd","TARIL","334.2","3.31%","64,34,456",""
"38","Cyient Limited","CYIENT","871.75","3.26%","5,87,705",""
"39","Cupid Limited","CUPID","119.58","3.23%","1,47,16,726",""
"40","Gujarat Ambuja Exports Limited","GAEL","155.75","2.87%","17,08,960",""
"41","Urban Company Ltd","URBANCO","151.66","2.86%","1,49,89,665",""
"42","SG Mart Ltd","SGMART","571","2.8%","7,31,399",""
"43","IIFL Finance Ltd","IIFL","458.95","2.66%","1,73,44,362",""
"44","KPIT Technologies Ltd","KPITTECH","759.05","2.57%","28,77,480",""
"45","Rossari Biotech Ltd","ROSSARI","478.95","2.56%","23,91,958",""
"46","Sammaan Capital Ltd","SAMMAANCAP","144.61","2.49%","3,42,22,093",""
"47","Tata Capital Ltd","TATACAP","333.15","2.48%","21,06,765",""
"48","Bharat Heavy Electricals Limited","BHEL","352.41","2.3%","1,74,32,476",""
"49","Baazar Style Retail Ltd","STYLEBAAZA","388.65","2.2%","11,64,432",""
"50","Balrampur Chini Mills Limited","BALRAMCHIN","521.05","2.13%","32,20,832",""
"51","Yatharth Hospital & Trauma Care Services Ltd","YATHARTH","820","2.12%","11,65,128",""
"52","Deepak Fertilizers And Petrochemicals Corporation Limited","DEEPAKFERT","1,265.25","2.06%","6,14,949",""
"53","Torrent Power Limited","TORNTPOWER","1,736","2.02%","7,79,793",""
"54","Motilal Oswal Financial Services Limited","MOTILALOFS","800.25","1.95%","45,13,372",""
"55","Praj Industries Limited","PRAJIND","408.35","1.92%","56,18,619",""
"56","Housing and Urban Development Corporation Ltd","HUDCO","220.87","1.92%","48,02,433",""
"57","Gokul Agro Resources Limited","GOKULAGRO","232.81","1.9%","19,59,586",""
"58","Axis Gold ETF","AXISGOLD","124.66","1.84%","10,08,615",""
"59","Ptc India Limited","PTC","207.7","1.83%","44,10,027",""
"60","PSP Projects Ltd","PSPPROJECT","787.15","1.76%","7,16,513",""
"61","Indian Hume Pipe Company Limited","INDIANHUME","327","1.69%","30,31,865",""
"62","Sun Pharmaceuticals Industries Limited","SUNPHARMA","1,808.3","1.66%","47,49,798",""
"63","Jm Financial Limited","JMFINANCIL","139.07","1.65%","33,01,259",""
"64","Zydus Wellness Limited","ZYDUSWELL","508.55","1.62%","6,94,003",""
"65","Tilaknagar Industries Limited","TI","464.1","1.61%","8,03,411",""
"66","Tata Technologies Ltd","TATATECH","581.35","1.6%","12,99,478",""
"67","HDFC Gold ETF","HDFCGOLD","127.49","1.58%","28,96,740",""
"68","HDFC Silver ETF","HDFCSILVER","227.75","1.55%","24,25,518",""
"69","EPack Prefab Technologies Ltd","EPACKPEB","200.22","1.49%","5,63,866",""
"70","SBI Silver ETF","SBISILVER","232.87","1.48%","10,41,793",""
"71","Nippon India Silver ETF","SILVERBEES","227.5","1.47%","2,37,89,194",""
"72","Precision Wires India Limited","PRECWIRE","422.05","1.45%","5,94,918",""
"73","The Great Eastern Shipping Company Limited","GESHIP","1,576.8","1.43%","9,71,195",""
"74","Vijaya Diagnostic Centre Ltd","VIJAYA","1,129.6","1.4%","5,90,970",""
"75","ICICI Prudential Silver ETF","SILVERIETF","237.09","1.39%","38,75,123",""
"76","Axis Silver ETF","AXISILVER","236.29","1.39%","8,08,947",""
"77","Mirae Asset Gold ETF","GOLDETF","144.74","1.39%","12,55,568",""
"78","Silver Touch Technologies Ltd","SILVERTUC","163.42","1.37%","9,29,998",""
"79","Wonder Electricals Ltd","WEL","105.59","1.37%","6,63,408",""
"80","Sai Life Sciences Ltd","SAILIFE","1,069.45","1.36%","13,68,498",""
"81","Capri Global Capital Limited","CGCL","186.18","1.36%","25,55,327",""
"82","Aditya Birla Sun Life Silver ETF","SILVER","237.04","1.34%","12,95,606",""
"83","L T Foods Ltd","LTFOODS","430.65","1.31%","5,42,946",""
"84","Sona BLW Precision Forgings Ltd","SONACOMS","607.25","1.26%","28,65,734",""
"85","Infosys Limited","INFY","1,181.8","1.22%","1,22,05,669",""
"86","Man Infraconstruction Limited","MANINFRA","120.35","1.22%","40,71,900",""
"87","Ideaforge Technology Ltd","IDEAFORGE","609.2","1.2%","17,10,079",""
"88","Adani Power Limited","ADANIPOWER","221.85","1.17%","6,75,84,204",""
"89","Mphasis Limited","MPHASIS","2,276.7","1.16%","19,95,620",""
"90","Tata Chemicals Limited","TATACHEM","809","1.16%","64,44,674",""
"91","Piramal Pharma Ltd","PPLPHARMA","161.87","1.07%","34,40,783",""
"92","Ind-swift Laboratories Limited","INDSWFTLAB","137.54","1.07%","5,32,139",""
"93","Oswal Pumps Ltd","OSWALPUMPS","412.35","1.04%","7,95,541",""
"94","Aarti Industries Limited","AARTIIND","507.5","1.03%","14,93,230",""
"95","Himadri Speciality Chemical Limited","HSCL","607.75","1.02%","1,32,60,089",""
"96","KRN Heat Exchanger and Refrigeration Ltd","KRN","1,295.35","0.97%","6,23,430",""
"97","Shreeji Shipping Global Ltd","SHREEJISPG","405","0.96%","6,87,394",""
"98","Hindustan Oil Exploration Company Limited","HINDOILEXP","158.6","0.96%","11,23,956",""
"99","Tech Mahindra Limited","TECHM","1,473.5","0.94%","26,35,309",""
"100","Navin Fluorine International Limited","NAVINFLUOR","6,821","0.92%","23,22,243",""
"101","Indegene Ltd","INDGN","499.75","0.87%","5,64,840",""
"102","CreditAccess Grameen Ltd","CREDITACC","1,300.1","0.85%","5,10,019",""
"103","Netweb Technologies India Ltd","NETWEB","4,064.8","0.84%","12,58,981",""
"104","Eid Parry India Limited","EIDPARRY","844","0.81%","6,87,091",""
"105","DCX Systems Ltd","DCXINDIA","200.97","0.81%","8,28,213",""
"106","Bajel Projects Ltd","BAJEL","188.32","0.78%","5,08,103",""
"107","The Federal Bank  Limited","FEDERALBNK","286.95","0.77%","1,39,39,720",""
"108","Bajaj Finance Limited","BAJFINANCE","937","0.75%","2,73,64,272",""
"109","Redington (india) Limited","REDINGTON","215.87","0.74%","69,34,625",""
"110","Bandhan Bank Ltd","BANDHANBNK","199.72","0.72%","2,71,93,264",""
"111","Billionbrains Garage Ventures Ltd","GROWW","214.99","0.71%","2,40,35,610",""
"112","InfoBeans Technologies Ltd","INFOBEAN","179.96","0.65%","12,73,948",""
"113","Cholamandalam Investment And Finance Company Limited","CHOLAFIN","1,562.9","0.62%","72,13,356",""
"114","Shakti Pumps (india) Limited","SHAKTIPUMP","564.3","0.58%","17,96,761",""
"115","Td Power Systems Limited","TDPOWERSYS","1,152.7","0.54%","14,69,140",""
"116","Happiest Minds Technologies Ltd","HAPPSTMNDS","373.1","0.47%","5,47,076",""
"117","Maruti Suzuki India Limited","MARUTI","13,314","0.43%","6,12,975",""
"118","AGI Infra Ltd","AGIIL","395.55","0.41%","61,39,797",""
"119","Cesc Limited","CESC","187.53","0.4%","23,71,203",""
"120","Engineers India Limited","ENGINERSIN","251.94","0.39%","48,83,287",""
"121","Reliance Industries Limited","RELIANCE","1,430.8","0.38%","3,09,57,881",""
"122","Kotak Mahindra Bank Limited","KOTAKBANK","383.3","0.34%","2,48,12,228",""
"123","Coal India Limited","COALINDIA","481.45","0.32%","1,69,35,052",""
"124","ITC Hotels Ltd","ITCHOTELS","160.57","0.3%","58,26,571",""
"125","Tata Investment Corporation Limited","TATAINVEST","719.5","0.27%","9,37,174",""
"126","Indusind Bank Limited","INDUSINDBK","916.05","0.25%","34,38,569",""
"127","Apollo Micro Systems Ltd","APOLLO","297.11","0.25%","64,47,222",""
"128","Gujarat State Petronet Limited","GSPL","285.19","0.25%","5,79,462",""
"129","Aster DM Healthcare Ltd","ASTERDM","701.05","0.22%","5,20,071",""
"130","Vintage Coffee & Beverages Ltd","VINCOFE","135.76","0.17%","9,98,713",""
"131","Delhivery Ltd","DELHIVERY","467.05","0.16%","25,62,642",""
"132","SBI Life Insurance Company Ltd","SBILIFE","1,819","0.15%","10,82,053",""
"133","Jayaswal Neco Industries Limited","JAYNECOIND","110.79","0.14%","93,83,973",""
"134","BSE (Bombay stock exchange) Ltd","BSE","3,640.5","0.13%","23,81,291",""
"135","Jsw Energy Limited","JSWENERGY","561.15","0.13%","18,86,082",""
"136","Genus Power Infrastructures Limited","GENUSPOWER","312.05","0.11%","9,54,764",""
"137","The Karnataka Bank Limited","KTKBANK","268.61","0.1%","36,91,889",""
"138","Choice International Ltd","CHOICEIN","663.45","0.09%","9,26,010",""
"139","Triveni Engineering & Industries Limited","TRIVENI","412.25","0.09%","7,33,338",""
"140","Jyothy Laboratories Limited","JYOTHYLAB","265.64","0.09%","7,42,397",""
"141","Kalyan Jewellers India Ltd","KALYANKJIL","412.75","0.08%","23,32,209",""
"142","Tata Consultancy Services Limited","TCS","2,473.9","-0.03%","39,70,446",""
"143","Welspun Corp Limited","WELCORP","1,266.75","-0.04%","11,54,209",""
"144","IRM Energy Ltd","IRMENERGY","356.91","-0.05%","2,29,61,236",""
"145","Bharti Airtel Limited","BHARTIARTL","1,886.8","-0.07%","1,27,09,188",""
"146","ACME Solar Holdings Ltd","ACMESOLAR","302.85","-0.08%","11,05,704",""
"147","Hcl Technologies Limited","HCLTECH","1,199.1","-0.09%","50,70,033",""
"148","Ramkrishna Forgings Limited","RKFORGE","598.3","-0.09%","8,24,502",""
"149","Asian Paints Limited","ASIANPAINT","2,444.5","-0.11%","8,23,684",""
"150","Muthoot Microfin Ltd","MUTHOOTMF","192.38","-0.11%","10,46,666",""
"151","Fractal Analytics Ltd","FRACTAL","936.05","-0.15%","7,84,447",""
"152","Avenue Supermarts Ltd","DMART","4,585.9","-0.16%","5,28,855",""
"153","Shadowfax Technologies Ltd","SHADOWFAX","165.78","-0.16%","28,03,041",""
"154","AU Small Finance Bank Ltd","AUBANK","1,015.95","-0.17%","18,15,610",""
"155","Aeroflex Industries Ltd","AEROFLEX","304.67","-0.17%","23,75,804",""
"156","Arisinfra Solutions Ltd","ARIS","137.37","-0.18%","10,55,751",""
"157","Jk Tyre & Industries Limited","JKTYRE","406.1","-0.21%","10,90,516",""
"158","Adani Ports And Special Economic Zone Limited","ADANIPORTS","1,657.3","-0.23%","63,13,698",""
"159","Triveni Turbine Limited","TRITURBINE","573.25","-0.23%","5,13,534",""
"160","Tarc Ltd","TARC","132.71","-0.27%","5,05,828",""
"161","GE Vernova T&D India Ltd","GVT&D","4,466.2","-0.29%","6,53,778",""
"162","Hindustan Aeronautics Ltd","HAL","4,338.8","-0.29%","8,18,024",""
"163","Jain Resource Recycling Ltd","JAINREC","458.95","-0.3%","11,43,919",""
"164","Bls International Services Limited","BLS","278.31","-0.3%","7,44,015",""
"165","Grasim Industries Limited","GRASIM","2,794.5","-0.31%","11,30,223",""
"166","Glenmark Pharmaceuticals Limited","GLENMARK","2,406.3","-0.31%","7,92,796",""
"167","Ashoka Buildcon Limited","ASHOKA","134.25","-0.33%","8,44,894",""
"168","Manappuram Finance Limited","MANAPPURAM","294.35","-0.34%","36,91,260",""
"169","Navkar Corporation Limited","NAVKARCORP","100.35","-0.34%","9,32,867",""
"170","Upl Limited","UPL","641.85","-0.35%","21,23,914",""
"171","Tejas Networks Ltd","TEJASNET","415.15","-0.36%","17,89,183",""
"172","EPL Ltd","EPL","226.13","-0.36%","6,78,532",""
"173","Ather Energy Ltd","ATHERENERG","934.85","-0.38%","19,91,317",""
"174","Avanti Feeds Limited","AVANTIFEED","1,380.7","-0.39%","5,54,224",""
"175","CPSE ETF*","CPSEETF","108.37","-0.4%","18,14,069",""
"176","Valor Estate Ltd","DBREALTY","103.57","-0.4%","12,31,669",""
"177","Jindal Steel Ltd","JINDALSTEL","1,223.1","-0.41%","8,78,441",""
"178","ICICI Lombard General Insurance Company Ltd","ICICIGI","1,763.2","-0.42%","7,74,438",""
"179","Oil India Limited","OIL","490.8","-0.42%","47,36,274",""
"180","JSW Infrastructure Ltd","JSWINFRA","271.98","-0.42%","21,07,064",""
"181","Lloyds Metals & Energy Ltd","LLOYDSME","1,764.4","-0.44%","5,03,137",""
"182","Rolex Rings Ltd","ROLEXRINGS","145.82","-0.45%","22,20,473",""
"183","Vishal Mega Mart Ltd","VMM","122.29","-0.46%","62,37,821",""
"184","Laurus Labs Limited","LAURUSLABS","1,100.95","-0.47%","23,64,117",""
"185","UTI Asset Management Company Ltd","UTIAMC","950","-0.47%","5,44,606",""
"186","Anand Rathi Share & Stock Brokers Ltd","ARSSBL","598.3","-0.47%","7,25,897",""
"187","Nestle India Limited","NESTLEIND","1,458.6","-0.48%","23,05,703",""
"188","Nlc India Limited","NLCINDIA","316.6","-0.5%","52,62,674",""
"189","Dr. Reddy's Laboratories Limited","DRREDDY","1,322.9","-0.52%","12,27,007",""
"190","Gujarat Mineral Development Corporation Limited","GMDCLTD","736.15","-0.53%","40,40,540",""
"191","Gallant Ispat Ltd","GALLANTT","861.85","-0.55%","8,09,035",""
"192","BlackBuck Ltd","BLACKBUCK","548.05","-0.55%","7,94,432",""
"193","Belrise Industries Ltd","BELRISE","212.72","-0.58%","26,06,344",""
"194","AGI Greenpac Ltd","AGI","634","-0.59%","6,69,061",""
"195","V2 Retail Limited","V2RETAIL","198.65","-0.6%","13,01,694",""
"196","Oil & Natural Gas Corporation Limited","ONGC","299.55","-0.61%","1,74,90,096",""
"197","New India Assurance Company Ltd","NIACL","160.6","-0.61%","9,72,137",""
"198","GMR Power & Urban Infra Ltd","GMRP&UI","106.55","-0.61%","11,90,105",""
"199","NTPC Green Energy Ltd","NTPCGREEN","109.85","-0.62%","80,30,168",""
"200","Ncc Limited","NCC","163.84","-0.64%","21,11,875",""
"201","Coforge (Niit Tech) Ltd","COFORGE","1,195.9","-0.67%","14,24,354",""
"202","KSB Ltd","KSB","978.6","-0.68%","6,94,012",""
"203","Granules India Limited","GRANULES","699.7","-0.69%","16,47,979",""
"204","Pennar Industries Limited","PENIND","167.64","-0.69%","5,34,559",""
"205","Pnb Housing Finance Limited","PNBHOUSING","1,045.65","-0.7%","14,24,315",""
"206","Jindal Drilling And Industries Limited","JINDRILL","539.3","-0.7%","8,20,564",""
"207","Uttam Sugar Mills Limited","UTTAMSUGAR","256.64","-0.7%","32,42,167",""
"208","Adani Enterprises Limited","ADANIENT","2,408.4","-0.72%","35,38,354",""
"209","KPI Green Energy Ltd","KPIGREEN","447.95","-0.72%","5,77,173",""
"210","Biocon Limited","BIOCON","359.65","-0.72%","19,96,623",""
"211","PIRAMALFIN","PIRAMALFIN","1,998.6","-0.73%","8,23,260",""
"212","Ircon International Ltd","IRCON","152.2","-0.73%","24,32,106",""
"213","Lenskart Solutions Ltd","LENSKART","515.95","-0.77%","14,49,817",""
"214","Nazara Technologies Ltd","NAZARA","263.56","-0.79%","14,34,216",""
"215","Brainbees Solutions Ltd","FIRSTCRY","239.21","-0.79%","9,91,001",""
"216","Mufin Green Finance Ltd","MUFIN","114.28","-0.8%","16,92,886",""
"217","Texmaco Rail & Engineering Limited","TEXRAIL","105.47","-0.8%","18,73,801",""
"218","Anant Raj Limited","ANANTRAJ","486.9","-0.81%","12,45,703",""
"219","Union Bank Of India Ltd","UNIONBANK","165.94","-0.82%","1,70,97,157",""
"220","Steel Authority Of India Limited","SAIL","184.62","-0.83%","3,04,59,594",""
"221","Kec International Limited","KEC","560.7","-0.85%","5,45,169",""
"222","Aditya Birla Capital Ltd","ABCAPITAL","345.5","-0.85%","43,48,049",""
"223","Sapphire Foods India Ltd","SAPPHIRE","205.61","-0.87%","95,37,558",""
"224","Data Patterns (India) Ltd","DATAPATTNS","4,081.7","-0.88%","10,57,980",""
"225","Zen Technologies Limited","ZENTEC","1,671.1","-0.88%","5,10,134",""
"226","Quality Power Electrical Equipments Ltd","QPOWER","1,380","-0.89%","5,94,213",""
"227","Olectra Greentech Ltd","OLECTRA","1,245.6","-0.9%","6,15,721",""
"228","Hdfc Bank Limited","HDFCBANK","771.7","-0.94%","4,79,98,755",""
"229","Railtel Corporation of India Ltd","RAILTEL","323.55","-0.95%","7,74,156",""
"230","Avantel Ltd","AVANTEL","148.74","-0.95%","10,38,627",""
"231","Bajaj Finserv Limited","BAJAJFINSV","1,747.2","-0.96%","25,74,629",""
"232","Pidilite Industries Limited","PIDILITIND","1,375.7","-0.96%","13,33,712",""
"233","Poonawalla Fincorp Ltd","POONAWALLA","417.2","-0.96%","9,49,983",""
"234","Chennai Petroleum Corporation Limited","CHENNPETRO","1,128.35","-0.98%","42,37,666",""
"235","Shringar House of Mangalsutra Ltd","SHRINGARMS","201.94","-1%","5,56,934",""
"236","Sky Gold Ltd","SKYGOLD","453.9","-1.01%","9,82,206",""
"237","Welspun Living Ltd","WELSPUNLIV","128.96","-1.02%","6,73,673",""
"238","Refex Industries Limited","REFEX","263.86","-1.06%","6,56,695",""
"239","Godfrey Phillips India Limited","GODFRYPHLP","2,251","-1.07%","10,94,541",""
"240","PB Fintech Ltd","POLICYBZR","1,666.2","-1.07%","7,29,684",""
"241","One Mobikwik Systems Ltd","MOBIKWIK","215.3","-1.07%","20,24,143",""
"242","Le Travenues Technology Ltd","IXIGO","168.08","-1.09%","6,54,673",""
"243","Eicher Motors Limited","EICHERMOT","7,109","-1.12%","5,38,501",""
"244","SBI Cards & Payment Services Ltd","SBICARD","643.9","-1.12%","19,77,335",""
"245","Shyam Metalics & Energy Ltd","SHYAMMETL","873.75","-1.13%","6,04,350",""
"246","Bharat Petroleum Corporation Limited","BPCL","300.45","-1.14%","1,30,25,294",""
"247","Interglobe Aviation Limited","INDIGO","4,295.3","-1.15%","20,10,221",""
"248","Sterlite Technologies Limited","STLTECH","294.8","-1.15%","1,32,45,564",""
"249","360 ONE WAM Ltd","360ONE","1,034.65","-1.16%","10,26,753",""
"250","Jbm Auto Limited","JBMA","630.15","-1.18%","5,15,889",""
"251","Shipping Corporation Of India Limited","SCI","304.48","-1.18%","79,30,479",""
"252","Moschip Technologies Ltd","MOSCHIP","201.44","-1.19%","14,30,092",""
"253","Zaggle Prepaid Ocean Services Ltd","ZAGGLE","240.76","-1.2%","7,07,561",""
"254","Inox Wind Limited","INOXWIND","100.95","-1.21%","3,25,61,746",""
"255","Puravankara Projects Limited","PURVA","214.37","-1.22%","5,95,822",""
"256","Dlf Limited","DLF","587","-1.25%","35,76,402",""
"257","Fujiyama Power Systems Ltd","UTLSOLAR","296.41","-1.25%","5,40,043",""
"258","HDFC Life Insurance Company Ltd","HDFCLIFE","586.9","-1.26%","62,34,625",""
"259","Iti Limited","ITI","298.88","-1.28%","5,55,272",""
"260","Jupiter Wagons Ltd","JWL","283.73","-1.28%","14,07,010",""
"261","Fortis Healthcare Limited","FORTIS","922.95","-1.31%","10,57,073",""
"262","Mazagon Dock Shipbuilders Ltd","MAZDOCK","2,733.2","-1.32%","19,15,445",""
"263","Crompton Greaves Consumer Electricals Limited","CROMPTON","272.36","-1.32%","69,12,508",""
"264","Lic Housing Finance Limited","LICHSGFIN","554.7","-1.33%","7,16,565",""
"265","Greaves Cotton Limited","GREAVESCOT","165.18","-1.34%","6,92,185",""
"266","Max Healthcare Institute Ltd","MAXHEALTH","993.05","-1.35%","23,65,736",""
"267","DEE Development Engineers Ltd","DEEDEV","417","-1.35%","7,97,809",""
"268","Walchandnagar Industries Limited","WALCHANNAG","235.02","-1.35%","10,06,844",""
"269","Rbl Bank Limited","RBLBANK","336.55","-1.36%","67,23,354",""
"270","Karur Vysya Bank Limited","KARURVYSYA","293.5","-1.36%","23,30,041",""
"271","Bharat Forge Limited","BHARATFORG","1,881.6","-1.37%","20,76,179",""
"272","The Indian Hotels Company Limited","INDHOTEL","635.85","-1.37%","14,66,637",""
"273","Jubilant Foodworks Limited","JUBLFOOD","478.6","-1.4%","11,09,585",""
"274","The Phoenix Mills Limited","PHOENIXLTD","1,765","-1.41%","5,63,716",""
"275","Zensar Technologies Limited","ZENSARTECH","513.85","-1.41%","5,06,100",""
"276","Adani Green Energy Ltd","ADANIGREEN","1,227.15","-1.42%","30,19,213",""
"277","Star Health & Allied Insurance Company Ltd","STARHEALTH","525.65","-1.43%","7,37,788",""
"278","Bharat Electronics Limited","BEL","431.3","-1.43%","1,57,95,581",""
"279","Godrej Properties Limited","GODREJPROP","1,835.2","-1.46%","11,61,254",""
"280","Patanjali Foods Ltd","PATANJALI","459.45","-1.47%","18,11,550",""
"281","Gail (india) Limited","GAIL","163.23","-1.47%","75,18,096",""
"282","CG Power and Industrial Solutions Ltd","CGPOWER","813.35","-1.48%","32,48,937",""
"283","Bharat 22 ETF","ICICIB22","124.46","-1.48%","6,31,436",""
"284","Skipper Limited","SKIPPER","478.45","-1.49%","6,39,909",""
"285","Smartworks Coworking Spaces Ltd","SMARTWORKS","432.5","-1.49%","11,68,379",""
"286","Fabtech Technologies Ltd","FABTECH","168.63","-1.51%","5,03,251",""
"287","HBL Engineering Ltd","HBLENGINE","798.5","-1.53%","12,76,483",""
"288","Tata Power Company Limited","TATAPOWER","444.55","-1.54%","61,16,311",""
"289","Rail Vikas Nigam Ltd","RVNL","297.65","-1.54%","59,39,952",""
"290","Indian Renewable Energy Development Agency Ltd","IREDA","135.1","-1.54%","59,51,746",""
"291","Transrail Lighting Ltd","TRANSRAILL","598.95","-1.55%","9,79,031",""
"292","Kei Industries Limited","KEI","4,857.5","-1.57%","7,24,328",""
"293","Sambhv Steel Tubes Ltd","SAMBHV","118.71","-1.59%","7,21,649",""
"294","Lodha Developers Ltd","LODHA","897.9","-1.62%","29,76,918",""
"295","Paradeep Phosphates Ltd","PARADEEP","128.96","-1.62%","46,78,934",""
"296","Epack Durable Ltd","EPACK","279.32","-1.63%","30,18,213",""
"297","Punjab National Bank Ltd","PNB","109.36","-1.64%","1,63,91,067",""
"298","Samvardhana Motherson International Ltd","MOTHERSON","121.21","-1.65%","1,73,71,847",""
"299","Kaynes Technology India Ltd","KAYNES","4,044.4","-1.66%","9,52,161",""
"300","Viyash Scientific Ltd","VIYASH","203.74","-1.67%","5,65,510",""
"301","Marksans Pharma Limited","MARKSANS","184.63","-1.67%","6,10,116",""
"302","Tata Motors Commercial Vehicles Ltd","TMCV","409.9","-1.69%","58,46,832",""
"303","Pine Labs Ltd","PINELABS","193.71","-1.69%","8,89,801",""
"304","Fedbank Financial Services Ltd","FEDFINA","146.23","-1.69%","10,51,539",""
"305","Uno Minda Ltd","UNOMINDA","1,112.5","-1.71%","5,67,965",""
"306","Swiggy Ltd","SWIGGY","270.3","-1.71%","79,64,918",""
"307","Religare Enterprises Limited","RELIGARE","221.64","-1.71%","15,21,475",""
"308","Tvs Motor Company Limited","TVSMOTOR","3,492.9","-1.72%","9,47,815",""
"309","Jana Small Finance Bank Ltd","JSFB","458.15","-1.72%","11,35,453",""
"310","Sterling & Wilson Renewable Energy Ltd","SWSOLAR","208.34","-1.72%","16,61,944",""
"311","Jio Financial Services Ltd","JIOFIN","246.37","-1.73%","2,05,95,815",""
"312","Mahindra & Mahindra Limited","M&M","3,097.5","-1.74%","33,31,158",""
"313","Syrma SGS Technology Ltd","SYRMA","958.95","-1.75%","8,92,777",""
"314","Apex Frozen Foods Ltd","APEX","466.8","-1.75%","6,27,994",""
"315","Canara Bank Ltd","CANBK","134.65","-1.76%","2,00,09,501",""
"316","Aptus Value Housing Finance India Ltd","APTUS","260.14","-1.77%","5,92,066",""
"317","Amara Raja Energy & Mobility Ltd","ARE&M","874.55","-1.79%","5,40,584",""
"318","Bank Of Baroda Ltd","BANKBARODA","263.46","-1.79%","1,23,23,040",""
"319","Varun Beverages Limited","VBL","513.7","-1.8%","71,27,837",""
"320","Inox Green Energy Services Ltd","INOXGREEN","180.73","-1.82%","18,82,288",""
"321","Nippon Life India Asset Management Ltd","NAM-INDIA","1,009.95","-1.84%","18,56,773",""
"322","Rico Auto Industries Limited","RICOAUTO","113.14","-1.84%","9,20,578",""
"323","Sandur Manganese & Iron Ores Ltd","SANDUMA","210.61","-1.85%","13,48,618",""
"324","Physicswallah Ltd","PWL","108.58","-1.86%","17,87,149",""
"325","Jamna Auto Industries Limited","JAMNAAUTO","121.56","-1.87%","14,04,511",""
"326","Info Edge (india) Limited","NAUKRI","972.85","-1.9%","13,47,139",""
"327","AWL Agri Business Ltd","AWL","196.37","-1.9%","25,37,711",""
"328","Indian Railway Catering & Tourism Corporation Ltd","IRCTC","539.55","-1.92%","10,74,426",""
"329","Park Medi World Ltd","PARKHOSPS","230.51","-1.96%","5,95,262",""
"330","Share India Securities Ltd","SHAREINDIA","137.45","-1.96%","5,32,150",""
"331","Trent Limited","TRENT","4,144.6","-1.98%","5,66,859",""
"332","L&T Finance Ltd","LTF","279.73","-1.99%","37,78,162",""
"333","Larsen & Toubro Limited","LT","4,014","-2%","25,69,328",""
"334","TATA Consumer Products Ltd","TATACONSUM","1,144.6","-2%","14,33,160",""
"335","Icici Prudential Life Insurance Company Limited","ICICIPRULI","513.85","-2%","11,23,792",""
"336","Premier Energies Ltd","PREMIERENE","1,018.15","-2.02%","20,43,351",""
"337","Shriram Finance Ltd","SHRIRAMFIN","937.35","-2.04%","59,90,764",""
"338","GK Energy Ltd","GKENERGY","127.38","-2.05%","10,61,206",""
"339","Aditya Birla Lifestyle Brands Ltd","ABLBL","102.78","-2.05%","6,00,751",""
"340","Central Mine Planning & Design Institute Ltd","CMPDI","181.55","-2.06%","27,50,990",""
"341","Zydus Lifesciences Ltd","ZYDUSLIFE","891.9","-2.08%","9,86,154",""
"342","Ultratech Cement Limited","ULTRACEMCO","11,586","-2.09%","7,19,688",""
"343","LG Electronics India Ltd","LGEINDIA","1,593","-2.09%","5,31,899",""
"344","Tata Steel Limited","TATASTEEL","211.36","-2.09%","2,48,94,783",""
"345","Paras Defence and Space Technologies Ltd","PARAS","794.25","-2.1%","11,42,225",""
"346","Godrej Consumer Products Limited","GODREJCP","1,067.1","-2.11%","17,14,183",""
"347","Samhi Hotels Ltd","SAMHI","156.27","-2.14%","7,76,099",""
"348","Bharat Dynamics Ltd","BDL","1,364.1","-2.15%","13,49,217",""
"349","Axis Bank Limited","AXISBANK","1,268.3","-2.17%","1,64,81,853",""
"350","Usha Martin Limited","USHAMART","451.8","-2.17%","25,86,832",""
"351","Hubtown Limited","HUBTOWN","202.82","-2.17%","5,39,266",""
"352","Jai Corp Limited","JAICORPLTD","115.98","-2.18%","5,22,173",""
"353","Diamond Power Infrastructure Ltd","DIACABS","157.8","-2.19%","21,25,398",""
"354","Ashok Leyland Limited","ASHOKLEY","162.09","-2.2%","2,20,15,141",""
"355","Electronics Mart India Ltd","EMIL","124.34","-2.22%","16,46,456",""
"356","Mishra Dhatu Nigam Ltd","MIDHANI","389.9","-2.23%","10,59,648",""
"357","Devyani International Ltd","DEVYANI","124.73","-2.24%","90,64,306",""
"358","Titagarh Rail Systems Ltd","TITAGARH","768.4","-2.27%","6,38,508",""
"359","Cochin Shipyard Ltd","COCHINSHIP","1,733.4","-2.28%","19,43,753",""
"360","Godawari Power And Ispat Limited","GPIL","296.3","-2.28%","29,70,602",""
"361","Ambuja Cements Limited","AMBUJACEM","444.2","-2.29%","33,22,936",""
"362","Bank Of India Ltd","BANKINDIA","139.87","-2.33%","1,05,12,024",""
"363","Bajaj Consumer Care Ltd","BAJAJCON","450.45","-2.36%","8,41,239",""
"364","Aequs Ltd","AEQUS","187.85","-2.36%","17,35,507",""
"365","Ashapura Minechem Limited","ASHAPURMIN","631.3","-2.4%","5,46,660",""
"366","REC Ltd","RECLTD","354.3","-2.54%","90,31,675",""
"367","Aegis Vopak Terminals Ltd","AEGISVOPAK","189.62","-2.55%","6,23,562",""
"368","City Union Bank Limited","CUB","270.09","-2.62%","16,98,427",""
"369","Central Depository Services Ltd","CDSL","1,272","-2.63%","24,29,730",""
"370","HDFC Asset Management Company Ltd","HDFCAMC","2,712.6","-2.7%","12,55,481",""
"371","Indian Bank Ltd","INDIANB","851.85","-2.71%","92,26,296",""
"372","PCBL Ltd","PCBL","290.58","-2.73%","19,79,147",""
"373","Hindustan Unilever Limited","HINDUNILVR","2,250.9","-2.74%","44,34,979",""
"374","Hindalco Industries Limited","HINDALCO","1,038","-2.74%","43,92,857",""
"375","Eternal Ltd","ETERNAL","247.03","-2.76%","7,27,00,438",""
"376","United Spirits Ltd","UNITDSPR","1,325.6","-2.77%","10,77,576",""
"377","Chambal Fertilizers & Chemicals Limited","CHAMBLFERT","438.05","-2.77%","8,71,474",""
"378","Swan Corp Ltd","SWANCORP","334.45","-2.78%","9,37,820",""
"379","Hindustan Zinc Limited","HINDZINC","595.95","-2.79%","66,46,054",""
"380","Gujarat Gas Limited","GUJGASLTD","380.05","-2.8%","5,03,932",""
"381","Vikram Solar Ltd","VIKRAMSOLR","219.39","-2.82%","18,41,071",""
"382","Pace Digitek Ltd","PACEDIGITK","170.76","-2.86%","12,95,306",""
"383","Computer Age Management Services Ltd","CAMS","738.6","-2.89%","27,17,763",""
"384","Mahindra & Mahindra Financial Services Limited","M&MFIN","310.7","-2.97%","55,88,528",""
"385","Voltas Limited","VOLTAS","1,430.4","-3.01%","12,59,835",""
"386","Sonata Software Limited","SONATSOFTW","255.03","-3.03%","6,90,569",""
"387","Pg Electroplast Limited","PGEL","534","-3.04%","46,43,646",""
"388","Blue Star Limited","BLUESTARCO","1,781","-3.06%","5,75,535",""
"389","Jindal Saw Limited","JINDALSAW","222.75","-3.07%","38,56,358",""
"390","Welspun Enterprises Limited","WELENT","523.25","-3.12%","11,48,319",""
"391","Apl Apollo Tubes Limited","APLAPOLLO","1,905","-3.13%","7,24,377",""
"392","Tata Motors Passenger Vehicles Ltd","TMPV","341.55","-3.16%","1,26,70,807",""
"393","Dabur India Limited","DABUR","441.5","-3.18%","14,48,773",""
"394","Dcb Bank Limited","DCBBANK","186.76","-3.23%","16,97,424",""
"395","Kajaria Ceramics Limited","KAJARIACER","1,187.65","-3.3%","14,26,089",""
"396","Mangalore Refinery And Petrochemicals Limited","MRPL","167.55","-3.31%","69,96,938",""
"397","Canara HSBC Life Insurance Company Ltd","CANHLIFE","141.3","-3.33%","10,90,077",""
"398","Adani Total Gas Ltd","ATGL","634.7","-3.39%","32,71,646",""
"399","Stallion India Fluorochemicals Ltd","STALLION","150.04","-3.39%","11,75,241",""
"400","R R Kabel Ltd","RRKABEL","1,571","-3.42%","12,59,192",""
"401","IKIO Lighting Ltd","IKIO","157.95","-3.45%","93,18,435",""
"402","Ratnaveer Precision Engineering Ltd","RATNAVEER","162.9","-3.47%","17,90,635",""
"403","Insolation Energy Ltd","INA","147.18","-3.5%","7,03,372",""
"404","Power Finance Corporation Limited","PFC","448.4","-3.52%","94,36,314",""
"405","Enviro Infra Engineers Ltd","EIEL","211.94","-3.61%","20,45,173",""
"406","Hindustan Copper Limited","HINDCOPPER","534.85","-3.67%","43,84,552",""
"407","Apollo Tyres Limited","APOLLOTYRE","408.4","-3.71%","12,11,183",""
"408","Sun Pharma Advanced Research Company Limited","SPARC","143.04","-3.72%","91,47,904",""
"409","Five-Star Business Finance Ltd","FIVESTAR","479.55","-3.73%","9,67,082",""
"410","Knr Constructions Limited","KNRCON","125.13","-3.81%","42,94,633",""
"411","The Jammu & Kashmir Bank Limited","J&KBANK","129.02","-4.17%","39,66,446",""
"412","Rain Industries Limited","RAIN","126.2","-4.19%","32,45,503",""
"413","Graphite India Limited","GRAPHITE","707.1","-4.52%","20,36,387",""
"414","Yatra Online Ltd","YATRA","105.54","-4.61%","25,41,315",""
"415","Garden Reach Shipbuilders & Engineers Ltd","GRSE","2,930.8","-4.62%","40,07,073",""
"416","Websol Energy System Limited","WEBELSOLAR","110.66","-4.68%","1,49,10,671",""
"417","Aye Finance Ltd","AYE","132.43","-5.1%","12,71,891",""
"418","Tanla Solutions Limited","TANLA","511.95","-5.19%","19,25,967",""
"419","OMNI","OMNI","363.41","-5.29%","14,29,782",""
"420","Adani Energy Solutions Ltd","ADANIENSOL","1,342.25","-5.35%","65,47,437",""
"421","Marsons Ltd","MARSONS","154.2","-5.71%","8,81,467",""
"422","Greenply Industries Limited","GREENPLY","267.35","-6.01%","50,16,691",""
"423","Ravindra Energy Ltd","RELTD","142.91","-6.01%","5,46,196",""
"424","Fino Payments Bank Ltd","FINOPB","126.22","-6.06%","10,63,898",""
"425","Moil Limited","MOIL","310.9","-6.79%","18,45,018",""
"426","Go Fashion (India) Ltd","GOCOLORS","281.96","-7.43%","10,61,912",""
"427","Edelweiss Financial Services Limited","EDELWEISS","114.25","-7.82%","2,32,11,421",""
"428","National Aluminium Company Limited","NATIONALUM","399.3","-7.85%","1,76,24,227",""
"429","KFin Technologies Ltd","KFINTECH","895.7","-8.35%","68,38,867",""
"430","Heg Limited","HEG","596.05","-9.47%","58,40,973",""
"431","Emmvee Photovoltaic Power Ltd","EMMVEE","262.4","-9.78%","1,30,98,890",""
"432","Waaree Energies Ltd","WAAREEENER","3,118.8","-10.97%","81,09,147",""
"433","Vedanta Limited","VEDL","271.55","-64.9%","7,38,70,853",""